S1,S2,R,Rcor,O2,O7
0.004632779,0.021589732,4.168274541,22.64271654,3.046990835,4.593855019
0.004663864,0.210865292,4.186340311,22.33360167,3.375433788,6.035390955
0.004095703,0.008677438,5.057595712,16.57346142,2.392239673,3.419060266
0.004378345,0.027757672,4.445589863,4.445589997,3.367031918,5.426284542
